{
	"format_version": "1.12.0",
	"minecraft:geometry": [
		{
			"description": {
				"identifier": "geometry.largage",
				"texture_width": 128,
				"texture_height": 128,
				"visible_bounds_width": 3,
				"visible_bounds_height": 4.5,
				"visible_bounds_offset": [0, 1.75, 0]
			},
			"bones": [
				{
					"name": "box",
					"pivot": [0, 0, 0],
					"cubes": [
						{"origin": [-7, 1, -7], "size": [14, 14, 14], "uv": [0, 0]},
						{"origin": [-8, 0, -8], "size": [16, 1, 1], "uv": [42, 6]},
						{"origin": [7, 15, -7], "size": [1, 1, 14], "uv": [50, 33]},
						{"origin": [-8, 15, -7], "size": [1, 1, 14], "uv": [0, 52]},
						{"origin": [-8, 15, 7], "size": [16, 1, 1], "uv": [42, 0]},
						{"origin": [-8, 15, -8], "size": [16, 1, 1], "uv": [42, 2]},
						{"origin": [-8, 0, 7], "size": [16, 1, 1], "uv": [42, 4]},
						{"origin": [-8, 0, -7], "size": [1, 1, 14], "uv": [55, 48]},
						{"origin": [7, 0, -7], "size": [1, 1, 14], "uv": [39, 52]},
						{"origin": [7, 1, 7], "size": [1, 14, 1], "uv": [16, 50]},
						{"origin": [-8, 1, 7], "size": [1, 14, 1], "uv": [4, 50]},
						{"origin": [-8, 1, -8], "size": [1, 14, 1], "uv": [0, 50]},
						{"origin": [7, 1, -8], "size": [1, 14, 1], "uv": [8, 50]}
					]
				},
				{
					"name": "fils",
					"pivot": [0, 0, 0],
					"cubes": [
						{"origin": [-1, 15, -1], "size": [1, 13, 0], "pivot": [0, 16, 0], "rotation": [0, 0, -15], "uv": [4, 0]},
						{"origin": [-1, 15, -1], "size": [1, 14, 0], "pivot": [0, 16, 0], "rotation": [-113.72832, -57.81676, 98.3953], "uv": [2, 0]},
						{"origin": [-1, 15, -1], "size": [1, 14, 0], "pivot": [0, 16, 0], "rotation": [-166.45274, 49.89319, -148.99517], "uv": [0, 0]}
					]
				},
				{
					"name": "baloon",
					"pivot": [0, 0, 0],
					"cubes": [
						{"origin": [-5, 27, -4], "size": [8, 11, 8], "pivot": [-4, 36, 0], "rotation": [167.5, 67.5, 155], "uv": [32, 28]},
						{"origin": [-6, 26, 4], "size": [8, 14, 8], "pivot": [-5, 33, 8], "rotation": [-6.68246, -23.7695, 7.98205], "uv": [0, 28]},
						{"origin": [3, 26, -3], "size": [7, 12, 7], "pivot": [4, 33, 1], "rotation": [20.45758, -33.73214, -2.89908], "uv": [25, 47]}
					]
				}
			]
		}
	]
}